"snps"	"CHM"
"rs11086066"	"Enhancer"
"rs11086067"	"Enhancer"
"rs11084993"	"Enhancer"
"rs11083772"	"Enhancer"
"rs11084307"	"Repressed"
"rs11668755"	"TSS"
"rs11666431"	"TSS"
"rs11615"	"Enhancer"
"rs11670462"	"TSS"
"rs11667088"	"Enhancer"
"rs11883057"	"Enhancer"
"rs11878345"	"Enhancer"
"rs11880530"	"Enhancer"
"rs11882642"	"Enhancer"
"rs12162233"	"Enhancer"
"rs12608998"	"Enhancer"
"rs12609605"	"Enhancer"
"rs12709891"	"TSS"
"rs12975589"	"Enhancer"
"rs12978607"	"Enhancer"
"rs12984180"	"Enhancer"
"rs157582"	"Enhancer"
"rs1610062"	"Enhancer"
"rs1640262"	"Enhancer"
"rs1640271"	"Enhancer"
"rs1640273"	"Transcr"
"rs1688128"	"Enhancer"
"rs1736188"	"TSS"
"rs1736192"	"Enhancer"
"rs1736176"	"Enhancer"
"rs1736180"	"Enhancer"
"rs1736182"	"Enhancer"
"rs1736189"	"Enhancer"
"rs17638216"	"Enhancer"
"rs17705416"	"Enhancer"
"rs17705450"	"Enhancer"
"rs1860938"	"Enhancer"
"rs204905"	"Enhancer"
"rs2110118"	"Enhancer"
"rs2114650"	"Enhancer"
"rs2238614"	"Enhancer"
"rs2239378"	"Enhancer"
"rs2240633"	"Enhancer"
"rs2279002"	"Enhancer_Mixed"
"rs2288464"	"TSS"
"rs2286756"	"TSS"
"rs2302490"	"TSS"
"rs238419"	"Enhancer"
"rs2537855"	"Enhancer"
"rs304723"	"Enhancer"
"rs304719"	"Enhancer"
"rs304720"	"Enhancer"
"rs3212986"	"Enhancer"
"rs34637472"	"Enhancer"
"rs346043"	"Enhancer"
"rs368055"	"Enhancer"
"rs3745814"	"Enhancer"
"rs3745157"	"TSS"
"rs3760627"	"Enhancer"
"rs3760629"	"TSS"
"rs3810204"	"TSS"
"rs3815783"	"Enhancer"
"rs3826729"	"Enhancer"
"rs3826700"	"Enhancer"
"rs3906559"	"TSS"
"rs423367"	"Enhancer"
"rs427115"	"Enhancer"
"rs4539722"	"Enhancer"
"rs457915"	"Enhancer"
"rs460824"	"Enhancer"
"rs4808625"	"Enhancer"
"rs4806874"	"Enhancer"
"rs4807325"	"Enhancer"
"rs4807330"	"Enhancer"
"rs4806146"	"Enhancer"
"rs4805125"	"Enhancer"
"rs4803781"	"TSS"
"rs4802252"	"Enhancer"
"rs4803816"	"Enhancer"
"rs4806481"	"Ambiguous"
"rs563320"	"Enhancer"
"rs6509214"	"TSS"
"rs6903"	"TSS"
"rs7008"	"Enhancer"
"rs7247493"	"Enhancer"
"rs7249329"	"Enhancer"
"rs7248666"	"Enhancer"
"rs7245548"	"TSS"
"rs7248719"	"Enhancer"
"rs7252581"	"Enhancer"
"rs7252182"	"Enhancer"
"rs7251736"	"Enhancer"
"rs7256242"	"Enhancer"
"rs7259949"	"TSS"
"rs7250901"	"Enhancer_Mixed"
"rs7259298"	"Enhancer"
"rs7260463"	"Enhancer"
"rs758761"	"TSS"
"rs7976"	"Enhancer"
"rs8099896"	"Enhancer"
"rs8100448"	"Enhancer"
"rs8100232"	"Enhancer"
"rs8111989"	"Enhancer"
"rs878893"	"Enhancer"
"rs886133"	"Enhancer"
"rs891205"	"TSS"
"rs899208"	"Ambiguous"
"rs941410"	"Enhancer"
"rs941407"	"Enhancer"
"rs941408"	"Enhancer"
"rs9973222"	"TSS"
